,AA_NP,AA_POS,AA_POL,AA_NEG,MW,AROM,ISO_E,LOG2FC
0,51.97,12.64,23.6,11.8,38263.67,0.047752808988764044,8.726005363464353,0.5692
