,AA_NP,AA_POS,AA_POL,AA_NEG,MW,AROM,ISO_E,LOG2FC
0,56.14754098360656,14.344262295081966,15.163934426229508,14.344262295081966,27056.931319999996,0.06147540983606557,5.676419258117675,0.5338
